level,kode_bps,nama_bps,kode_dagri,nama_dagri,parent_kode_bps,periode_merge,fetched_at,province_kode_bps
kabupaten,1101,KAB. SIMEULUE,11.09,KABUPATEN SIMEULUE,11,2024_1.2025,2025-09-20T05:37:07+00:00,11
kabupaten,1102,KAB. ACEH SINGKIL,11.10,KABUPATEN ACEH SINGKIL,11,2024_1.2025,2025-09-20T05:37:07+00:00,11
kabupaten,1103,KAB. ACEH SELATAN,11.01,KABUPATEN ACEH SELATAN,11,2024_1.2025,2025-09-20T05:37:07+00:00,11
kabupaten,1104,KAB. ACEH TENGGARA,11.02,KABUPATEN ACEH TENGGARA,11,2024_1.2025,2025-09-20T05:37:07+00:00,11
kabupaten,1105,KAB. ACEH TIMUR,11.03,KABUPATEN ACEH TIMUR,11,2024_1.2025,2025-09-20T05:37:07+00:00,11
kabupaten,1106,KAB. ACEH TENGAH,11.04,KABUPATEN ACEH TENGAH,11,2024_1.2025,2025-09-20T05:37:07+00:00,11
kabupaten,1107,KAB. ACEH BARAT,11.05,KABUPATEN ACEH BARAT,11,2024_1.2025,2025-09-20T05:37:07+00:00,11
kabupaten,1108,KAB. ACEH BESAR,11.06,KABUPATEN ACEH BESAR,11,2024_1.2025,2025-09-20T05:37:07+00:00,11
kabupaten,1109,KAB. PIDIE,11.07,KABUPATEN PIDIE,11,2024_1.2025,2025-09-20T05:37:07+00:00,11
kabupaten,1110,KAB. BIREUEN,11.11,KABUPATEN BIREUEN,11,2024_1.2025,2025-09-20T05:37:07+00:00,11
kabupaten,1111,KAB. ACEH UTARA,11.08,KABUPATEN ACEH UTARA,11,2024_1.2025,2025-09-20T05:37:07+00:00,11
kabupaten,1112,KAB. ACEH BARAT DAYA,11.12,KABUPATEN ACEH BARAT DAYA,11,2024_1.2025,2025-09-20T05:37:07+00:00,11
kabupaten,1113,KAB. GAYO LUES,11.13,KABUPATEN GAYO LUES,11,2024_1.2025,2025-09-20T05:37:07+00:00,11
kabupaten,1114,KAB. ACEH TAMIANG,11.16,KABUPATEN ACEH TAMIANG,11,2024_1.2025,2025-09-20T05:37:07+00:00,11
kabupaten,1115,KAB. NAGAN RAYA,11.15,KABUPATEN NAGAN RAYA,11,2024_1.2025,2025-09-20T05:37:07+00:00,11
kabupaten,1116,KAB. ACEH JAYA,11.14,KABUPATEN ACEH JAYA,11,2024_1.2025,2025-09-20T05:37:07+00:00,11
kabupaten,1117,KAB. BENER MERIAH,11.17,KABUPATEN BENER MERIAH,11,2024_1.2025,2025-09-20T05:37:07+00:00,11
kabupaten,1118,KAB. PIDIE JAYA,11.18,KABUPATEN PIDIE JAYA,11,2024_1.2025,2025-09-20T05:37:07+00:00,11
kabupaten,1171,KOTA BANDA ACEH,11.71,KOTA BANDA ACEH,11,2024_1.2025,2025-09-20T05:37:07+00:00,11
kabupaten,1172,KOTA SABANG,11.72,KOTA SABANG,11,2024_1.2025,2025-09-20T05:37:07+00:00,11
kabupaten,1173,KOTA LANGSA,11.74,KOTA LANGSA,11,2024_1.2025,2025-09-20T05:37:07+00:00,11
kabupaten,1174,KOTA LHOKSEUMAWE,11.73,KOTA LHOKSEUMAWE,11,2024_1.2025,2025-09-20T05:37:07+00:00,11
kabupaten,1175,KOTA SUBULUSSALAM,11.75,KOTA SUBULUSSALAM,11,2024_1.2025,2025-09-20T05:37:07+00:00,11
kabupaten,1201,KAB. NIAS,12.04,KABUPATEN NIAS,12,2024_1.2025,2025-09-20T05:37:07+00:00,12
kabupaten,1202,KAB. MANDAILING NATAL,12.13,KABUPATEN MANDAILING NATAL,12,2024_1.2025,2025-09-20T05:37:07+00:00,12
kabupaten,1203,KAB. TAPANULI SELATAN,12.03,KABUPATEN TAPANULI SELATAN,12,2024_1.2025,2025-09-20T05:37:07+00:00,12
kabupaten,1204,KAB. TAPANULI TENGAH,12.01,KABUPATEN TAPANULI TENGAH,12,2024_1.2025,2025-09-20T05:37:07+00:00,12
kabupaten,1205,KAB. TAPANULI UTARA,12.02,KABUPATEN TAPANULI UTARA,12,2024_1.2025,2025-09-20T05:37:07+00:00,12
kabupaten,1206,KAB. TOBA,12.12,KABUPATEN TOBA,12,2024_1.2025,2025-09-20T05:37:07+00:00,12
kabupaten,1207,KAB. LABUHANBATU,12.10,KABUPATEN LABUHANBATU,12,2024_1.2025,2025-09-20T05:37:07+00:00,12
kabupaten,1208,KAB. ASAHAN,12.09,KABUPATEN ASAHAN,12,2024_1.2025,2025-09-20T05:37:07+00:00,12
kabupaten,1209,KAB. SIMALUNGUN,12.08,KABUPATEN SIMALUNGUN,12,2024_1.2025,2025-09-20T05:37:07+00:00,12
kabupaten,1210,KAB. DAIRI,12.11,KABUPATEN DAIRI,12,2024_1.2025,2025-09-20T05:37:07+00:00,12
kabupaten,1211,KAB. KARO,12.06,KABUPATEN KARO,12,2024_1.2025,2025-09-20T05:37:07+00:00,12
kabupaten,1212,KAB. DELI SERDANG,12.07,KABUPATEN DELI SERDANG,12,2024_1.2025,2025-09-20T05:37:07+00:00,12
kabupaten,1213,KAB. LANGKAT,12.05,KABUPATEN LANGKAT,12,2024_1.2025,2025-09-20T05:37:07+00:00,12
kabupaten,1214,KAB. NIAS SELATAN,12.14,KABUPATEN NIAS SELATAN,12,2024_1.2025,2025-09-20T05:37:07+00:00,12
kabupaten,1215,KAB. HUMBANG HASUNDUTAN,12.16,KABUPATEN HUMBANG HASUNDUTAN,12,2024_1.2025,2025-09-20T05:37:07+00:00,12
kabupaten,1216,KAB. PAKPAK BHARAT,12.15,KABUPATEN PAKPAK BHARAT,12,2024_1.2025,2025-09-20T05:37:07+00:00,12
kabupaten,1217,KAB. SAMOSIR,12.17,KABUPATEN SAMOSIR,12,2024_1.2025,2025-09-20T05:37:07+00:00,12
kabupaten,1218,KAB. SERDANG BEDAGAI,12.18,KABUPATEN SERDANG BEDAGAI,12,2024_1.2025,2025-09-20T05:37:07+00:00,12
kabupaten,1219,KAB. BATU BARA,12.19,KABUPATEN BATU BARA,12,2024_1.2025,2025-09-20T05:37:07+00:00,12
kabupaten,1220,KAB. PADANG LAWAS UTARA,12.20,KABUPATEN PADANG LAWAS UTARA,12,2024_1.2025,2025-09-20T05:37:07+00:00,12
kabupaten,1221,KAB. PADANG LAWAS,12.21,KABUPATEN PADANG LAWAS,12,2024_1.2025,2025-09-20T05:37:07+00:00,12
kabupaten,1222,KAB. LABUHANBATU SELATAN,12.22,KABUPATEN LABUHANBATU SELATAN,12,2024_1.2025,2025-09-20T05:37:07+00:00,12
kabupaten,1223,KAB. LABUHANBATU UTARA,12.23,KABUPATEN LABUHANBATU UTARA,12,2024_1.2025,2025-09-20T05:37:07+00:00,12
kabupaten,1224,KAB. NIAS UTARA,12.24,KABUPATEN NIAS UTARA,12,2024_1.2025,2025-09-20T05:37:07+00:00,12
kabupaten,1225,KAB. NIAS BARAT,12.25,KABUPATEN NIAS BARAT,12,2024_1.2025,2025-09-20T05:37:07+00:00,12
kabupaten,1271,KOTA SIBOLGA,12.73,KOTA SIBOLGA,12,2024_1.2025,2025-09-20T05:37:07+00:00,12
kabupaten,1272,KOTA TANJUNG BALAI,12.74,KOTA TANJUNGBALAI,12,2024_1.2025,2025-09-20T05:37:07+00:00,12
kabupaten,1273,KOTA PEMATANGSIANTAR,12.72,KOTA PEMATANGSIANTAR,12,2024_1.2025,2025-09-20T05:37:07+00:00,12
kabupaten,1274,KOTA TEBING TINGGI,12.76,KOTA TEBING TINGGI,12,2024_1.2025,2025-09-20T05:37:07+00:00,12
kabupaten,1275,KOTA MEDAN,12.71,KOTA MEDAN,12,2024_1.2025,2025-09-20T05:37:07+00:00,12
kabupaten,1276,KOTA BINJAI,12.75,KOTA BINJAI,12,2024_1.2025,2025-09-20T05:37:07+00:00,12
kabupaten,1277,KOTA PADANG SIDEMPUAN,12.77,KOTA PADANGSIDIMPUAN,12,2024_1.2025,2025-09-20T05:37:07+00:00,12
kabupaten,1278,KOTA GUNUNGSITOLI,12.78,KOTA GUNUNGSITOLI,12,2024_1.2025,2025-09-20T05:37:07+00:00,12
kabupaten,1301,KAB. KEPULAUAN MENTAWAI,13.09,KABUPATEN KEPULAUAN MENTAWAI,13,2024_1.2025,2025-09-20T05:37:07+00:00,13
kabupaten,1302,KAB. PESISIR SELATAN,13.01,KABUPATEN PESISIR SELATAN,13,2024_1.2025,2025-09-20T05:37:07+00:00,13
kabupaten,1303,KAB. SOLOK,13.02,KABUPATEN SOLOK,13,2024_1.2025,2025-09-20T05:37:07+00:00,13
kabupaten,1304,KAB. SIJUNJUNG,13.03,KABUPATEN SIJUNJUNG,13,2024_1.2025,2025-09-20T05:37:07+00:00,13
kabupaten,1305,KAB. TANAH DATAR,13.04,KABUPATEN TANAH DATAR,13,2024_1.2025,2025-09-20T05:37:07+00:00,13
kabupaten,1306,KAB. PADANG PARIAMAN,13.05,KABUPATEN PADANG PARIAMAN,13,2024_1.2025,2025-09-20T05:37:07+00:00,13
kabupaten,1307,KAB. AGAM,13.06,KABUPATEN AGAM,13,2024_1.2025,2025-09-20T05:37:07+00:00,13
kabupaten,1308,KAB. LIMA PULUH KOTA,13.07,KABUPATEN LIMA PULUH KOTA,13,2024_1.2025,2025-09-20T05:37:07+00:00,13
kabupaten,1309,KAB. PASAMAN,13.08,KABUPATEN PASAMAN,13,2024_1.2025,2025-09-20T05:37:07+00:00,13
kabupaten,1310,KAB. SOLOK SELATAN,13.11,KABUPATEN SOLOK SELATAN,13,2024_1.2025,2025-09-20T05:37:07+00:00,13
kabupaten,1311,KAB. DHARMASRAYA,13.10,KABUPATEN DHARMASRAYA,13,2024_1.2025,2025-09-20T05:37:07+00:00,13
kabupaten,1312,KAB. PASAMAN BARAT,13.12,KABUPATEN PASAMAN BARAT,13,2024_1.2025,2025-09-20T05:37:07+00:00,13
kabupaten,1371,KOTA PADANG,13.71,KOTA PADANG,13,2024_1.2025,2025-09-20T05:37:07+00:00,13
kabupaten,1372,KOTA SOLOK,13.72,KOTA SOLOK,13,2024_1.2025,2025-09-20T05:37:07+00:00,13
kabupaten,1373,KOTA SAWAHLUNTO,13.73,KOTA SAWAHLUNTO,13,2024_1.2025,2025-09-20T05:37:07+00:00,13
kabupaten,1374,KOTA PADANG PANJANG,13.74,KOTA PADANG PANJANG,13,2024_1.2025,2025-09-20T05:37:07+00:00,13
kabupaten,1375,KOTA BUKITTINGGI,13.75,KOTA BUKITTINGGI,13,2024_1.2025,2025-09-20T05:37:07+00:00,13
kabupaten,1376,KOTA PAYAKUMBUH,13.76,KOTA PAYAKUMBUH,13,2024_1.2025,2025-09-20T05:37:07+00:00,13
kabupaten,1377,KOTA PARIAMAN,13.77,KOTA PARIAMAN,13,2024_1.2025,2025-09-20T05:37:07+00:00,13
kabupaten,1401,KAB. KUANTAN SINGINGI,14.09,KABUPATEN KUANTAN SINGINGI,14,2024_1.2025,2025-09-20T05:37:07+00:00,14
kabupaten,1402,KAB. INDRAGIRI HULU,14.02,KABUPATEN INDRAGIRI HULU,14,2024_1.2025,2025-09-20T05:37:07+00:00,14
kabupaten,1403,KAB. INDRAGIRI HILIR,14.04,KABUPATEN INDRAGIRI HILIR,14,2024_1.2025,2025-09-20T05:37:07+00:00,14
kabupaten,1404,KAB. PELALAWAN,14.05,KABUPATEN  PELALAWAN,14,2024_1.2025,2025-09-20T05:37:07+00:00,14
kabupaten,1405,KAB. SIAK,14.08,KABUPATEN SIAK,14,2024_1.2025,2025-09-20T05:37:07+00:00,14
kabupaten,1406,KAB. KAMPAR,14.01,KABUPATEN KAMPAR,14,2024_1.2025,2025-09-20T05:37:07+00:00,14
kabupaten,1407,KAB. ROKAN HULU,14.06,KABUPATEN  ROKAN HULU,14,2024_1.2025,2025-09-20T05:37:07+00:00,14
kabupaten,1408,KAB. BENGKALIS,14.03,KABUPATEN BENGKALIS,14,2024_1.2025,2025-09-20T05:37:07+00:00,14
kabupaten,1409,KAB. ROKAN HILIR,14.07,KABUPATEN  ROKAN HILIR,14,2024_1.2025,2025-09-20T05:37:07+00:00,14
kabupaten,1410,KAB. KEPULAUAN MERANTI,14.10,KABUPATEN KEPULAUAN MERANTI,14,2024_1.2025,2025-09-20T05:37:07+00:00,14
kabupaten,1471,KOTA PEKANBARU,14.71,KOTA PEKANBARU,14,2024_1.2025,2025-09-20T05:37:07+00:00,14
kabupaten,1473,KOTA DUMAI,14.72,KOTA DUMAI,14,2024_1.2025,2025-09-20T05:37:07+00:00,14
kabupaten,1501,KAB. KERINCI,15.01,KABUPATEN  KERINCI,15,2024_1.2025,2025-09-20T05:37:07+00:00,15
kabupaten,1502,KAB. MERANGIN,15.02,KABUPATEN  MERANGIN,15,2024_1.2025,2025-09-20T05:37:07+00:00,15
kabupaten,1503,KAB. SAROLANGUN,15.03,KABUPATEN SAROLANGUN,15,2024_1.2025,2025-09-20T05:37:07+00:00,15
kabupaten,1504,KAB. BATANGHARI,15.04,KABUPATEN BATANGHARI,15,2024_1.2025,2025-09-20T05:37:07+00:00,15
kabupaten,1505,KAB. MUARO JAMBI,15.05,KABUPATEN  MUARO JAMBI,15,2024_1.2025,2025-09-20T05:37:07+00:00,15
kabupaten,1506,KAB. TANJUNG JABUNG TIMUR,15.07,KABUPATEN TANJUNG JABUNG TIMUR,15,2024_1.2025,2025-09-20T05:37:07+00:00,15
kabupaten,1507,KAB. TANJUNG JABUNG BARAT,15.06,KABUPATEN TANJUNG JABUNG BARAT,15,2024_1.2025,2025-09-20T05:37:07+00:00,15
kabupaten,1508,KAB. TEBO,15.09,KABUPATEN TEBO,15,2024_1.2025,2025-09-20T05:37:07+00:00,15
kabupaten,1509,KAB. BUNGO,15.08,KABUPATEN BUNGO,15,2024_1.2025,2025-09-20T05:37:07+00:00,15
kabupaten,1571,KOTA JAMBI,15.71,KOTA JAMBI,15,2024_1.2025,2025-09-20T05:37:07+00:00,15
kabupaten,1572,KOTA SUNGAI PENUH,15.72,KOTA SUNGAI PENUH,15,2024_1.2025,2025-09-20T05:37:07+00:00,15
kabupaten,1601,KAB. OGAN KOMERING ULU,16.01,KABUPATEN OGAN KOMERING ULU,16,2024_1.2025,2025-09-20T05:37:07+00:00,16
kabupaten,1602,KAB. OGAN KOMERING ILIR,16.02,KABUPATEN OGAN KOMERING ILIR,16,2024_1.2025,2025-09-20T05:37:07+00:00,16
kabupaten,1603,KAB. MUARA ENIM,16.03,KABUPATEN MUARA ENIM,16,2024_1.2025,2025-09-20T05:37:07+00:00,16
kabupaten,1604,KAB. LAHAT,16.04,KABUPATEN LAHAT,16,2024_1.2025,2025-09-20T05:37:07+00:00,16
kabupaten,1605,KAB. MUSI RAWAS,16.05,KABUPATEN MUSI RAWAS,16,2024_1.2025,2025-09-20T05:37:07+00:00,16
kabupaten,1606,KAB. MUSI BANYUASIN,16.06,KABUPATEN MUSI BANYUASIN,16,2024_1.2025,2025-09-20T05:37:07+00:00,16
kabupaten,1607,KAB. BANYUASIN,16.07,KABUPATEN BANYUASIN,16,2024_1.2025,2025-09-20T05:37:07+00:00,16
kabupaten,1608,"KAB. OGAN KOMERING ULU
SELATAN",16.09,KABUPATEN OGAN KOMERING ULU SELATAN,16,2024_1.2025,2025-09-20T05:37:07+00:00,16
kabupaten,1609,KAB. OGAN KOMERING ULU TIMUR,16.08,KABUPATEN OGAN KOMERING ULU TIMUR,16,2024_1.2025,2025-09-20T05:37:07+00:00,16
kabupaten,1610,KAB. OGAN ILIR,16.10,KABUPATEN OGAN ILIR,16,2024_1.2025,2025-09-20T05:37:07+00:00,16
kabupaten,1611,KAB. EMPAT LAWANG,16.11,KABUPATEN EMPAT LAWANG,16,2024_1.2025,2025-09-20T05:37:07+00:00,16
kabupaten,1612,"KAB. PENUKAL ABAB LEMATANG
ILIR",16.12,KABUPATEN PENUKAL ABAB LEMATANG ILIR,16,2024_1.2025,2025-09-20T05:37:07+00:00,16
kabupaten,1613,KAB. MUSI RAWAS UTARA,16.13,KABUPATEN MUSI RAWAS UTARA,16,2024_1.2025,2025-09-20T05:37:07+00:00,16
kabupaten,1671,KOTA PALEMBANG,16.71,KOTA PALEMBANG,16,2024_1.2025,2025-09-20T05:37:07+00:00,16
kabupaten,1672,KOTA PRABUMULIH,16.74,KOTA PRABUMULIH,16,2024_1.2025,2025-09-20T05:37:07+00:00,16
kabupaten,1673,KOTA PAGAR ALAM,16.72,KOTA PAGAR ALAM,16,2024_1.2025,2025-09-20T05:37:07+00:00,16
kabupaten,1674,KOTA LUBUK LINGGAU,16.73,KOTA LUBUK LINGGAU,16,2024_1.2025,2025-09-20T05:37:07+00:00,16
kabupaten,1701,KAB. BENGKULU SELATAN,17.01,KABUPATEN BENGKULU SELATAN,17,2024_1.2025,2025-09-20T05:37:07+00:00,17
kabupaten,1702,KAB. REJANG LEBONG,17.02,KABUPATEN REJANG LEBONG,17,2024_1.2025,2025-09-20T05:37:07+00:00,17
kabupaten,1703,KAB. BENGKULU UTARA,17.03,KABUPATEN BENGKULU UTARA,17,2024_1.2025,2025-09-20T05:37:07+00:00,17
kabupaten,1704,KAB. KAUR,17.04,KABUPATEN KAUR,17,2024_1.2025,2025-09-20T05:37:07+00:00,17
kabupaten,1705,KAB. SELUMA,17.05,KABUPATEN SELUMA,17,2024_1.2025,2025-09-20T05:37:07+00:00,17
kabupaten,1706,KAB. MUKO MUKO,17.06,KABUPATEN MUKOMUKO,17,2024_1.2025,2025-09-20T05:37:07+00:00,17
kabupaten,1707,KAB. LEBONG,17.07,KABUPATEN LEBONG,17,2024_1.2025,2025-09-20T05:37:07+00:00,17
kabupaten,1708,KAB. KEPAHIANG,17.08,KABUPATEN KEPAHIANG,17,2024_1.2025,2025-09-20T05:37:07+00:00,17
kabupaten,1709,KAB. BENGKULU TENGAH,17.09,KABUPATEN BENGKULU TENGAH,17,2024_1.2025,2025-09-20T05:37:07+00:00,17
kabupaten,1771,KOTA BENGKULU,17.71,KOTA BENGKULU,17,2024_1.2025,2025-09-20T05:37:07+00:00,17
kabupaten,1801,KAB. LAMPUNG BARAT,18.04,KABUPATEN LAMPUNG BARAT,18,2024_1.2025,2025-09-20T05:37:07+00:00,18
kabupaten,1802,KAB. TANGGAMUS,18.06,KABUPATEN TANGGAMUS,18,2024_1.2025,2025-09-20T05:37:07+00:00,18
kabupaten,1803,KAB. LAMPUNG SELATAN,18.01,KABUPATEN LAMPUNG SELATAN,18,2024_1.2025,2025-09-20T05:37:07+00:00,18
kabupaten,1804,KAB. LAMPUNG TIMUR,18.07,KABUPATEN LAMPUNG TIMUR,18,2024_1.2025,2025-09-20T05:37:07+00:00,18
kabupaten,1805,KAB. LAMPUNG TENGAH,18.02,KABUPATEN LAMPUNG TENGAH,18,2024_1.2025,2025-09-20T05:37:07+00:00,18
kabupaten,1806,KAB. LAMPUNG UTARA,18.03,KABUPATEN LAMPUNG UTARA,18,2024_1.2025,2025-09-20T05:37:07+00:00,18
kabupaten,1807,KAB. WAY KANAN,18.08,KABUPATEN WAY KANAN,18,2024_1.2025,2025-09-20T05:37:07+00:00,18
kabupaten,1808,KAB. TULANG BAWANG,18.05,KABUPATEN TULANG BAWANG,18,2024_1.2025,2025-09-20T05:37:07+00:00,18
kabupaten,1809,KAB. PESAWARAN,18.09,KABUPATEN PESAWARAN,18,2024_1.2025,2025-09-20T05:37:07+00:00,18
kabupaten,1810,KAB. PRINGSEWU,18.10,KABUPATEN PRINGSEWU,18,2024_1.2025,2025-09-20T05:37:07+00:00,18
kabupaten,1811,KAB. MESUJI,18.11,KABUPATEN MESUJI,18,2024_1.2025,2025-09-20T05:37:07+00:00,18
kabupaten,1812,KAB. TULANG BAWANG BARAT,18.12,KABUPATEN TULANG BAWANG BARAT,18,2024_1.2025,2025-09-20T05:37:07+00:00,18
kabupaten,1813,KAB. PESISIR BARAT,18.13,KABUPATEN PESISIR BARAT,18,2024_1.2025,2025-09-20T05:37:07+00:00,18
kabupaten,1871,KOTA BANDAR LAMPUNG,18.71,KOTA BANDAR LAMPUNG,18,2024_1.2025,2025-09-20T05:37:07+00:00,18
kabupaten,1872,KOTA METRO,18.72,KOTA METRO,18,2024_1.2025,2025-09-20T05:37:07+00:00,18
kabupaten,1901,KAB. BANGKA,19.01,KABUPATEN BANGKA,19,2024_1.2025,2025-09-20T05:37:07+00:00,19
kabupaten,1902,KAB. BELITUNG,19.02,KABUPATEN BELITUNG,19,2024_1.2025,2025-09-20T05:37:07+00:00,19
kabupaten,1903,KAB. BANGKA BARAT,19.05,KABUPATEN BANGKA BARAT,19,2024_1.2025,2025-09-20T05:37:07+00:00,19
kabupaten,1904,KAB. BANGKA TENGAH,19.04,KABUPATEN BANGKA TENGAH,19,2024_1.2025,2025-09-20T05:37:07+00:00,19
kabupaten,1905,KAB. BANGKA SELATAN,19.03,KABUPATEN BANGKA SELATAN,19,2024_1.2025,2025-09-20T05:37:07+00:00,19
kabupaten,1906,KAB. BELITUNG TIMUR,19.06,KABUPATEN BELITUNG TIMUR,19,2024_1.2025,2025-09-20T05:37:07+00:00,19
kabupaten,1971,KOTA PANGKAL PINANG,19.71,KOTA PANGKAL PINANG,19,2024_1.2025,2025-09-20T05:37:07+00:00,19
kabupaten,2101,KAB. KARIMUN,21.02,KABUPATEN KARIMUN,21,2024_1.2025,2025-09-20T05:37:07+00:00,21
kabupaten,2102,KAB. BINTAN,21.01,KABUPATEN BINTAN,21,2024_1.2025,2025-09-20T05:37:07+00:00,21
kabupaten,2103,KAB. NATUNA,21.03,KABUPATEN NATUNA,21,2024_1.2025,2025-09-20T05:37:07+00:00,21
kabupaten,2104,KAB. LINGGA,21.04,KABUPATEN LINGGA,21,2024_1.2025,2025-09-20T05:37:07+00:00,21
kabupaten,2105,KAB. KEPULAUAN ANAMBAS,21.05,KABUPATEN KEPULAUAN ANAMBAS,21,2024_1.2025,2025-09-20T05:37:07+00:00,21
kabupaten,2171,KOTA BATAM,21.71,KOTA BATAM,21,2024_1.2025,2025-09-20T05:37:07+00:00,21
kabupaten,2172,KOTA TANJUNG PINANG,21.72,KOTA TANJUNG PINANG,21,2024_1.2025,2025-09-20T05:37:07+00:00,21
kabupaten,3101,KAB. ADM. KEP. SERIBU,31.01,KABUPATEN ADMINISTRASI KEPULAUAN SERIBU,31,2024_1.2025,2025-09-20T05:37:07+00:00,31
kabupaten,3171,KOTA ADM. JAKARTA SELATAN,31.74,KOTA ADMINISTRASI JAKARTA SELATAN,31,2024_1.2025,2025-09-20T05:37:07+00:00,31
kabupaten,3172,KOTA ADM. JAKARTA TIMUR,31.75,KOTA ADMINISTRASI JAKARTA TIMUR,31,2024_1.2025,2025-09-20T05:37:07+00:00,31
kabupaten,3173,KOTA ADM. JAKARTA PUSAT,31.71,KOTA ADMINISTRASI JAKARTA PUSAT,31,2024_1.2025,2025-09-20T05:37:07+00:00,31
kabupaten,3174,KOTA ADM. JAKARTA BARAT,31.73,KOTA ADMINISTRASI JAKARTA BARAT,31,2024_1.2025,2025-09-20T05:37:07+00:00,31
kabupaten,3175,KOTA ADM. JAKARTA UTARA,31.72,KOTA ADMINISTRASI JAKARTA UTARA,31,2024_1.2025,2025-09-20T05:37:07+00:00,31
kabupaten,3201,KAB. BOGOR,32.01,KABUPATEN BOGOR,32,2024_1.2025,2025-09-20T05:37:07+00:00,32
kabupaten,3202,KAB. SUKABUMI,32.02,KABUPATEN SUKABUMI,32,2024_1.2025,2025-09-20T05:37:07+00:00,32
kabupaten,3203,KAB. CIANJUR,32.03,KABUPATEN CIANJUR,32,2024_1.2025,2025-09-20T05:37:07+00:00,32
kabupaten,3204,KAB. BANDUNG,32.04,KABUPATEN BANDUNG,32,2024_1.2025,2025-09-20T05:37:07+00:00,32
kabupaten,3205,KAB. GARUT,32.05,KABUPATEN GARUT,32,2024_1.2025,2025-09-20T05:37:07+00:00,32
kabupaten,3206,KAB. TASIKMALAYA,32.06,KABUPATEN TASIKMALAYA,32,2024_1.2025,2025-09-20T05:37:07+00:00,32
kabupaten,3207,KAB. CIAMIS,32.07,KABUPATEN CIAMIS,32,2024_1.2025,2025-09-20T05:37:07+00:00,32
kabupaten,3208,KAB. KUNINGAN,32.08,KABUPATEN KUNINGAN,32,2024_1.2025,2025-09-20T05:37:07+00:00,32
kabupaten,3209,KAB. CIREBON,32.09,KABUPATEN CIREBON,32,2024_1.2025,2025-09-20T05:37:07+00:00,32
kabupaten,3210,KAB. MAJALENGKA,32.10,KABUPATEN MAJALENGKA,32,2024_1.2025,2025-09-20T05:37:07+00:00,32
kabupaten,3211,KAB. SUMEDANG,32.11,KABUPATEN SUMEDANG,32,2024_1.2025,2025-09-20T05:37:07+00:00,32
kabupaten,3212,KAB. INDRAMAYU,32.12,KABUPATEN INDRAMAYU,32,2024_1.2025,2025-09-20T05:37:07+00:00,32
kabupaten,3213,KAB. SUBANG,32.13,KABUPATEN SUBANG,32,2024_1.2025,2025-09-20T05:37:07+00:00,32
kabupaten,3214,KAB. PURWAKARTA,32.14,KABUPATEN PURWAKARTA,32,2024_1.2025,2025-09-20T05:37:07+00:00,32
kabupaten,3215,KAB. KARAWANG,32.15,KABUPATEN KARAWANG,32,2024_1.2025,2025-09-20T05:37:07+00:00,32
kabupaten,3216,KAB. BEKASI,32.16,KABUPATEN BEKASI,32,2024_1.2025,2025-09-20T05:37:07+00:00,32
kabupaten,3217,KAB. BANDUNG BARAT,32.17,KABUPATEN BANDUNG BARAT,32,2024_1.2025,2025-09-20T05:37:07+00:00,32
kabupaten,3218,KAB. PANGANDARAN,32.18,KABUPATEN PANGANDARAN,32,2024_1.2025,2025-09-20T05:37:07+00:00,32
kabupaten,3271,KOTA BOGOR,32.71,KOTA BOGOR,32,2024_1.2025,2025-09-20T05:37:07+00:00,32
kabupaten,3272,KOTA SUKABUMI,32.72,KOTA SUKABUMI,32,2024_1.2025,2025-09-20T05:37:07+00:00,32
kabupaten,3273,KOTA BANDUNG,32.73,KOTA BANDUNG,32,2024_1.2025,2025-09-20T05:37:07+00:00,32
kabupaten,3274,KOTA CIREBON,32.74,KOTA CIREBON,32,2024_1.2025,2025-09-20T05:37:07+00:00,32
kabupaten,3275,KOTA BEKASI,32.75,KOTA BEKASI,32,2024_1.2025,2025-09-20T05:37:07+00:00,32
kabupaten,3276,KOTA DEPOK,32.76,KOTA DEPOK,32,2024_1.2025,2025-09-20T05:37:07+00:00,32
kabupaten,3277,KOTA CIMAHI,32.77,KOTA CIMAHI,32,2024_1.2025,2025-09-20T05:37:07+00:00,32
kabupaten,3278,KOTA TASIKMALAYA,32.78,KOTA TASIKMALAYA,32,2024_1.2025,2025-09-20T05:37:07+00:00,32
kabupaten,3279,KOTA BANJAR,32.79,KOTA BANJAR,32,2024_1.2025,2025-09-20T05:37:07+00:00,32
kabupaten,3301,KAB. CILACAP,33.01,KABUPATEN CILACAP,33,2024_1.2025,2025-09-20T05:37:07+00:00,33
kabupaten,3302,KAB. BANYUMAS,33.02,KABUPATEN BANYUMAS,33,2024_1.2025,2025-09-20T05:37:07+00:00,33
kabupaten,3303,KAB. PURBALINGGA,33.03,KABUPATEN PURBALINGGA,33,2024_1.2025,2025-09-20T05:37:07+00:00,33
kabupaten,3304,KAB. BANJARNEGARA,33.04,KABUPATEN BANJARNEGARA,33,2024_1.2025,2025-09-20T05:37:07+00:00,33
kabupaten,3305,KAB. KEBUMEN,33.05,KABUPATEN KEBUMEN,33,2024_1.2025,2025-09-20T05:37:07+00:00,33
kabupaten,3306,KAB. PURWOREJO,33.06,KABUPATEN PURWOREJO,33,2024_1.2025,2025-09-20T05:37:07+00:00,33
kabupaten,3307,KAB. WONOSOBO,33.07,KABUPATEN WONOSOBO,33,2024_1.2025,2025-09-20T05:37:07+00:00,33
kabupaten,3308,KAB. MAGELANG,33.08,KABUPATEN MAGELANG,33,2024_1.2025,2025-09-20T05:37:07+00:00,33
kabupaten,3309,KAB. BOYOLALI,33.09,KABUPATEN BOYOLALI,33,2024_1.2025,2025-09-20T05:37:07+00:00,33
kabupaten,3310,KAB. KLATEN,33.10,KABUPATEN KLATEN,33,2024_1.2025,2025-09-20T05:37:07+00:00,33
kabupaten,3311,KAB. SUKOHARJO,33.11,KABUPATEN SUKOHARJO,33,2024_1.2025,2025-09-20T05:37:07+00:00,33
kabupaten,3312,KAB. WONOGIRI,33.12,KABUPATEN WONOGIRI,33,2024_1.2025,2025-09-20T05:37:07+00:00,33
kabupaten,3313,KAB. KARANGANYAR,33.13,KABUPATEN KARANGANYAR,33,2024_1.2025,2025-09-20T05:37:07+00:00,33
kabupaten,3314,KAB. SRAGEN,33.14,KABUPATEN SRAGEN,33,2024_1.2025,2025-09-20T05:37:07+00:00,33
kabupaten,3315,KAB. GROBOGAN,33.15,KABUPATEN GROBOGAN,33,2024_1.2025,2025-09-20T05:37:07+00:00,33
kabupaten,3316,KAB. BLORA,33.16,KABUPATEN BLORA,33,2024_1.2025,2025-09-20T05:37:07+00:00,33
kabupaten,3317,KAB. REMBANG,33.17,KABUPATEN REMBANG,33,2024_1.2025,2025-09-20T05:37:07+00:00,33
kabupaten,3318,KAB. PATI,33.18,KABUPATEN PATI,33,2024_1.2025,2025-09-20T05:37:07+00:00,33
kabupaten,3319,KAB. KUDUS,33.19,KABUPATEN KUDUS,33,2024_1.2025,2025-09-20T05:37:07+00:00,33
kabupaten,3320,KAB. JEPARA,33.20,KABUPATEN JEPARA,33,2024_1.2025,2025-09-20T05:37:07+00:00,33
kabupaten,3321,KAB. DEMAK,33.21,KABUPATEN DEMAK,33,2024_1.2025,2025-09-20T05:37:07+00:00,33
kabupaten,3322,KAB. SEMARANG,33.22,KABUPATEN SEMARANG,33,2024_1.2025,2025-09-20T05:37:07+00:00,33
kabupaten,3323,KAB. TEMANGGUNG,33.23,KABUPATEN TEMANGGUNG,33,2024_1.2025,2025-09-20T05:37:07+00:00,33
kabupaten,3324,KAB. KENDAL,33.24,KABUPATEN KENDAL,33,2024_1.2025,2025-09-20T05:37:07+00:00,33
kabupaten,3325,KAB. BATANG,33.25,KABUPATEN BATANG,33,2024_1.2025,2025-09-20T05:37:07+00:00,33
kabupaten,3326,KAB. PEKALONGAN,33.26,KABUPATEN PEKALONGAN,33,2024_1.2025,2025-09-20T05:37:07+00:00,33
kabupaten,3327,KAB. PEMALANG,33.27,KABUPATEN PEMALANG,33,2024_1.2025,2025-09-20T05:37:07+00:00,33
kabupaten,3328,KAB. TEGAL,33.28,KABUPATEN TEGAL,33,2024_1.2025,2025-09-20T05:37:07+00:00,33
kabupaten,3329,KAB. BREBES,33.29,KABUPATEN BREBES,33,2024_1.2025,2025-09-20T05:37:07+00:00,33
kabupaten,3371,KOTA MAGELANG,33.71,KOTA MAGELANG,33,2024_1.2025,2025-09-20T05:37:07+00:00,33
kabupaten,3372,KOTA SURAKARTA,33.72,KOTA SURAKARTA,33,2024_1.2025,2025-09-20T05:37:07+00:00,33
kabupaten,3373,KOTA SALATIGA,33.73,KOTA SALATIGA,33,2024_1.2025,2025-09-20T05:37:07+00:00,33
kabupaten,3374,KOTA SEMARANG,33.74,KOTA SEMARANG,33,2024_1.2025,2025-09-20T05:37:07+00:00,33
kabupaten,3375,KOTA PEKALONGAN,33.75,KOTA PEKALONGAN,33,2024_1.2025,2025-09-20T05:37:07+00:00,33
kabupaten,3376,KOTA TEGAL,33.76,KOTA TEGAL,33,2024_1.2025,2025-09-20T05:37:07+00:00,33
kabupaten,3401,KAB. KULON PROGO,34.01,KABUPATEN KULON PROGO,34,2024_1.2025,2025-09-20T05:37:07+00:00,34
kabupaten,3402,KAB. BANTUL,34.02,KABUPATEN BANTUL,34,2024_1.2025,2025-09-20T05:37:07+00:00,34
kabupaten,3403,KAB. GUNUNGKIDUL,34.03,KABUPATEN GUNUNGKIDUL,34,2024_1.2025,2025-09-20T05:37:07+00:00,34
kabupaten,3404,KAB. SLEMAN,34.04,KABUPATEN SLEMAN,34,2024_1.2025,2025-09-20T05:37:07+00:00,34
kabupaten,3471,KOTA YOGYAKARTA,34.71,KOTA YOGYAKARTA,34,2024_1.2025,2025-09-20T05:37:07+00:00,34
kabupaten,3501,KAB. PACITAN,35.01,KABUPATEN PACITAN,35,2024_1.2025,2025-09-20T05:37:07+00:00,35
kabupaten,3502,KAB. PONOROGO,35.02,KABUPATEN PONOROGO,35,2024_1.2025,2025-09-20T05:37:07+00:00,35
kabupaten,3503,KAB. TRENGGALEK,35.03,KABUPATEN TRENGGALEK,35,2024_1.2025,2025-09-20T05:37:07+00:00,35
kabupaten,3504,KAB. TULUNGAGUNG,35.04,KABUPATEN TULUNGAGUNG,35,2024_1.2025,2025-09-20T05:37:07+00:00,35
kabupaten,3505,KAB. BLITAR,35.05,KABUPATEN BLITAR,35,2024_1.2025,2025-09-20T05:37:07+00:00,35
kabupaten,3506,KAB. KEDIRI,35.06,KABUPATEN KEDIRI,35,2024_1.2025,2025-09-20T05:37:07+00:00,35
kabupaten,3507,KAB. MALANG,35.07,KABUPATEN MALANG,35,2024_1.2025,2025-09-20T05:37:07+00:00,35
kabupaten,3508,KAB. LUMAJANG,35.08,KABUPATEN LUMAJANG,35,2024_1.2025,2025-09-20T05:37:07+00:00,35
kabupaten,3509,KAB. JEMBER,35.09,KABUPATEN JEMBER,35,2024_1.2025,2025-09-20T05:37:07+00:00,35
kabupaten,3510,KAB. BANYUWANGI,35.10,KABUPATEN BANYUWANGI,35,2024_1.2025,2025-09-20T05:37:07+00:00,35
kabupaten,3511,KAB. BONDOWOSO,35.11,KABUPATEN BONDOWOSO,35,2024_1.2025,2025-09-20T05:37:07+00:00,35
kabupaten,3512,KAB. SITUBONDO,35.12,KABUPATEN SITUBONDO,35,2024_1.2025,2025-09-20T05:37:07+00:00,35
kabupaten,3513,KAB. PROBOLINGGO,35.13,KABUPATEN PROBOLINGGO,35,2024_1.2025,2025-09-20T05:37:07+00:00,35
kabupaten,3514,KAB. PASURUAN,35.14,KABUPATEN PASURUAN,35,2024_1.2025,2025-09-20T05:37:07+00:00,35
kabupaten,3515,KAB. SIDOARJO,35.15,KABUPATEN SIDOARJO,35,2024_1.2025,2025-09-20T05:37:07+00:00,35
kabupaten,3516,KAB. MOJOKERTO,35.16,KABUPATEN MOJOKERTO,35,2024_1.2025,2025-09-20T05:37:07+00:00,35
kabupaten,3517,KAB. JOMBANG,35.17,KABUPATEN JOMBANG,35,2024_1.2025,2025-09-20T05:37:07+00:00,35
kabupaten,3518,KAB. NGANJUK,35.18,KABUPATEN NGANJUK,35,2024_1.2025,2025-09-20T05:37:07+00:00,35
kabupaten,3519,KAB. MADIUN,35.19,KABUPATEN MADIUN,35,2024_1.2025,2025-09-20T05:37:07+00:00,35
kabupaten,3520,KAB. MAGETAN,35.20,KABUPATEN MAGETAN,35,2024_1.2025,2025-09-20T05:37:07+00:00,35
kabupaten,3521,KAB. NGAWI,35.21,KABUPATEN NGAWI,35,2024_1.2025,2025-09-20T05:37:07+00:00,35
kabupaten,3522,KAB. BOJONEGORO,35.22,KABUPATEN BOJONEGORO,35,2024_1.2025,2025-09-20T05:37:07+00:00,35
kabupaten,3523,KAB. TUBAN,35.23,KABUPATEN TUBAN,35,2024_1.2025,2025-09-20T05:37:07+00:00,35
kabupaten,3524,KAB. LAMONGAN,35.24,KABUPATEN LAMONGAN,35,2024_1.2025,2025-09-20T05:37:07+00:00,35
kabupaten,3525,KAB. GRESIK,35.25,KABUPATEN GRESIK,35,2024_1.2025,2025-09-20T05:37:07+00:00,35
kabupaten,3526,KAB. BANGKALAN,35.26,KABUPATEN BANGKALAN,35,2024_1.2025,2025-09-20T05:37:07+00:00,35
kabupaten,3527,KAB. SAMPANG,35.27,KABUPATEN SAMPANG,35,2024_1.2025,2025-09-20T05:37:07+00:00,35
kabupaten,3528,KAB. PAMEKASAN,35.28,KABUPATEN PAMEKASAN,35,2024_1.2025,2025-09-20T05:37:07+00:00,35
kabupaten,3529,KAB. SUMENEP,35.29,KABUPATEN SUMENEP,35,2024_1.2025,2025-09-20T05:37:07+00:00,35
kabupaten,3571,KOTA KEDIRI,35.71,KOTA KEDIRI,35,2024_1.2025,2025-09-20T05:37:07+00:00,35
kabupaten,3572,KOTA BLITAR,35.72,KOTA BLITAR,35,2024_1.2025,2025-09-20T05:37:07+00:00,35
kabupaten,3573,KOTA MALANG,35.73,KOTA MALANG,35,2024_1.2025,2025-09-20T05:37:07+00:00,35
kabupaten,3574,KOTA PROBOLINGGO,35.74,KOTA PROBOLINGGO,35,2024_1.2025,2025-09-20T05:37:07+00:00,35
kabupaten,3575,KOTA PASURUAN,35.75,KOTA PASURUAN,35,2024_1.2025,2025-09-20T05:37:07+00:00,35
kabupaten,3576,KOTA MOJOKERTO,35.76,KOTA MOJOKERTO,35,2024_1.2025,2025-09-20T05:37:07+00:00,35
kabupaten,3577,KOTA MADIUN,35.77,KOTA MADIUN,35,2024_1.2025,2025-09-20T05:37:07+00:00,35
kabupaten,3578,KOTA SURABAYA,35.78,KOTA SURABAYA,35,2024_1.2025,2025-09-20T05:37:07+00:00,35
kabupaten,3579,KOTA BATU,35.79,KOTA BATU,35,2024_1.2025,2025-09-20T05:37:07+00:00,35
kabupaten,3601,KAB. PANDEGLANG,36.01,KABUPATEN PANDEGLANG,36,2024_1.2025,2025-09-20T05:37:07+00:00,36
kabupaten,3602,KAB. LEBAK,36.02,KABUPATEN LEBAK,36,2024_1.2025,2025-09-20T05:37:07+00:00,36
kabupaten,3603,KAB. TANGERANG,36.03,KABUPATEN TANGERANG,36,2024_1.2025,2025-09-20T05:37:07+00:00,36
kabupaten,3604,KAB. SERANG,36.04,KABUPATEN SERANG,36,2024_1.2025,2025-09-20T05:37:07+00:00,36
kabupaten,3671,KOTA TANGERANG,36.71,KOTA TANGERANG,36,2024_1.2025,2025-09-20T05:37:07+00:00,36
kabupaten,3672,KOTA CILEGON,36.72,KOTA CILEGON,36,2024_1.2025,2025-09-20T05:37:07+00:00,36
kabupaten,3673,KOTA SERANG,36.73,KOTA SERANG,36,2024_1.2025,2025-09-20T05:37:07+00:00,36
kabupaten,3674,KOTA TANGERANG SELATAN,36.74,KOTA TANGERANG SELATAN,36,2024_1.2025,2025-09-20T05:37:07+00:00,36
kabupaten,5101,KAB. JEMBRANA,51.01,KABUPATEN JEMBRANA,51,2024_1.2025,2025-09-20T05:37:07+00:00,51
kabupaten,5102,KAB. TABANAN,51.02,KABUPATEN TABANAN,51,2024_1.2025,2025-09-20T05:37:07+00:00,51
kabupaten,5103,KAB. BADUNG,51.03,KABUPATEN BADUNG,51,2024_1.2025,2025-09-20T05:37:07+00:00,51
kabupaten,5104,KAB. GIANYAR,51.04,KABUPATEN GIANYAR,51,2024_1.2025,2025-09-20T05:37:07+00:00,51
kabupaten,5105,KAB. KLUNGKUNG,51.05,KABUPATEN KLUNGKUNG,51,2024_1.2025,2025-09-20T05:37:07+00:00,51
kabupaten,5106,KAB. BANGLI,51.06,KABUPATEN BANGLI,51,2024_1.2025,2025-09-20T05:37:07+00:00,51
kabupaten,5107,KAB. KARANGASEM,51.07,KABUPATEN KARANGASEM,51,2024_1.2025,2025-09-20T05:37:07+00:00,51
kabupaten,5108,KAB. BULELENG,51.08,KABUPATEN BULELENG,51,2024_1.2025,2025-09-20T05:37:07+00:00,51
kabupaten,5171,KOTA DENPASAR,51.71,KOTA DENPASAR,51,2024_1.2025,2025-09-20T05:37:07+00:00,51
kabupaten,5201,KAB. LOMBOK BARAT,52.01,KABUPATEN LOMBOK BARAT,52,2024_1.2025,2025-09-20T05:37:07+00:00,52
kabupaten,5202,KAB. LOMBOK TENGAH,52.02,KABUPATEN LOMBOK TENGAH,52,2024_1.2025,2025-09-20T05:37:07+00:00,52
kabupaten,5203,KAB. LOMBOK TIMUR,52.03,KABUPATEN LOMBOK TIMUR,52,2024_1.2025,2025-09-20T05:37:07+00:00,52
kabupaten,5204,KAB. SUMBAWA,52.04,KABUPATEN SUMBAWA,52,2024_1.2025,2025-09-20T05:37:07+00:00,52
kabupaten,5205,KAB. DOMPU,52.05,KABUPATEN DOMPU,52,2024_1.2025,2025-09-20T05:37:07+00:00,52
kabupaten,5206,KAB. BIMA,52.06,KABUPATEN BIMA,52,2024_1.2025,2025-09-20T05:37:07+00:00,52
kabupaten,5207,KAB. SUMBAWA BARAT,52.07,KABUPATEN SUMBAWA BARAT,52,2024_1.2025,2025-09-20T05:37:07+00:00,52
kabupaten,5208,KAB. LOMBOK UTARA,52.08,KABUPATEN LOMBOK UTARA,52,2024_1.2025,2025-09-20T05:37:07+00:00,52
kabupaten,5271,KOTA MATARAM,52.71,KOTA MATARAM,52,2024_1.2025,2025-09-20T05:37:07+00:00,52
kabupaten,5272,KOTA BIMA,52.72,KOTA BIMA,52,2024_1.2025,2025-09-20T05:37:07+00:00,52
kabupaten,5301,KAB. SUMBA BARAT,53.12,KABUPATEN SUMBA BARAT,53,2024_1.2025,2025-09-20T05:37:07+00:00,53
kabupaten,5302,KAB. SUMBA TIMUR,53.11,KABUPATEN SUMBA TIMUR,53,2024_1.2025,2025-09-20T05:37:07+00:00,53
kabupaten,5303,KAB. KUPANG,53.01,KABUPATEN KUPANG,53,2024_1.2025,2025-09-20T05:37:07+00:00,53
kabupaten,5304,KAB TIMOR TENGAH SELATAN,53.02,KAB TIMOR TENGAH SELATAN,53,2024_1.2025,2025-09-20T05:37:07+00:00,53
kabupaten,5305,KAB. TIMOR TENGAH UTARA,53.03,KABUPATEN TIMOR TENGAH UTARA,53,2024_1.2025,2025-09-20T05:37:07+00:00,53
kabupaten,5306,KAB. BELU,53.04,KABUPATEN BELU,53,2024_1.2025,2025-09-20T05:37:07+00:00,53
kabupaten,5307,KAB. ALOR,53.05,KABUPATEN ALOR,53,2024_1.2025,2025-09-20T05:37:07+00:00,53
kabupaten,5308,KAB. LEMBATA,53.13,KABUPATEN LEMBATA,53,2024_1.2025,2025-09-20T05:37:07+00:00,53
kabupaten,5309,KAB. FLORES TIMUR,53.06,KABUPATEN FLORES TIMUR,53,2024_1.2025,2025-09-20T05:37:07+00:00,53
kabupaten,5310,KAB. SIKKA,53.07,KABUPATEN SIKKA,53,2024_1.2025,2025-09-20T05:37:07+00:00,53
kabupaten,5311,KAB. ENDE,53.08,KABUPATEN ENDE,53,2024_1.2025,2025-09-20T05:37:07+00:00,53
kabupaten,5312,KAB. NGADA,53.09,KABUPATEN NGADA,53,2024_1.2025,2025-09-20T05:37:07+00:00,53
kabupaten,5313,KAB. MANGGARAI,53.10,KABUPATEN MANGGARAI,53,2024_1.2025,2025-09-20T05:37:07+00:00,53
kabupaten,5314,KAB. ROTE NDAO,53.14,KABUPATEN ROTE NDAO,53,2024_1.2025,2025-09-20T05:37:07+00:00,53
kabupaten,5315,KAB. MANGGARAI BARAT,53.15,KABUPATEN MANGGARAI BARAT,53,2024_1.2025,2025-09-20T05:37:07+00:00,53
kabupaten,5316,KAB. SUMBA TENGAH,53.17,KABUPATEN SUMBA TENGAH,53,2024_1.2025,2025-09-20T05:37:07+00:00,53
kabupaten,5317,KAB. SUMBA BARAT DAYA,53.18,KABUPATEN SUMBA BARAT DAYA,53,2024_1.2025,2025-09-20T05:37:07+00:00,53
kabupaten,5318,KAB. NAGEKEO,53.16,KABUPATEN NAGEKEO,53,2024_1.2025,2025-09-20T05:37:07+00:00,53
kabupaten,5319,KAB. MANGGARAI TIMUR,53.19,KABUPATEN MANGGARAI TIMUR,53,2024_1.2025,2025-09-20T05:37:07+00:00,53
kabupaten,5320,KAB. SABU RAIJUA,53.20,KABUPATEN SABU RAIJUA,53,2024_1.2025,2025-09-20T05:37:07+00:00,53
kabupaten,5321,KAB. MALAKA,53.21,KABUPATEN MALAKA,53,2024_1.2025,2025-09-20T05:37:07+00:00,53
kabupaten,5371,KOTA KUPANG,53.71,KOTA KUPANG,53,2024_1.2025,2025-09-20T05:37:07+00:00,53
kabupaten,6101,KAB. SAMBAS,61.01,KABUPATEN SAMBAS,61,2024_1.2025,2025-09-20T05:37:07+00:00,61
kabupaten,6102,KAB. BENGKAYANG,61.07,KABUPATEN BENGKAYANG,61,2024_1.2025,2025-09-20T05:37:07+00:00,61
kabupaten,6103,KAB. LANDAK,61.08,KABUPATEN LANDAK,61,2024_1.2025,2025-09-20T05:37:07+00:00,61
kabupaten,6104,KAB. MEMPAWAH,61.02,KABUPATEN MEMPAWAH,61,2024_1.2025,2025-09-20T05:37:07+00:00,61
kabupaten,6105,KAB. SANGGAU,61.03,KABUPATEN SANGGAU,61,2024_1.2025,2025-09-20T05:37:07+00:00,61
kabupaten,6106,KAB. KETAPANG,61.04,KABUPATEN KETAPANG,61,2024_1.2025,2025-09-20T05:37:07+00:00,61
kabupaten,6107,KAB. SINTANG,61.05,KABUPATEN SINTANG,61,2024_1.2025,2025-09-20T05:37:07+00:00,61
kabupaten,6108,KAB. KAPUAS HULU,61.06,KABUPATEN KAPUAS HULU,61,2024_1.2025,2025-09-20T05:37:07+00:00,61
kabupaten,6109,KAB. SEKADAU,61.09,KABUPATEN SEKADAU,61,2024_1.2025,2025-09-20T05:37:07+00:00,61
kabupaten,6110,KAB. MELAWI,61.10,KABUPATEN MELAWI,61,2024_1.2025,2025-09-20T05:37:07+00:00,61
kabupaten,6111,KAB. KAYONG UTARA,61.11,KABUPATEN KAYONG UTARA,61,2024_1.2025,2025-09-20T05:37:07+00:00,61
kabupaten,6112,KAB. KUBU RAYA,61.12,KABUPATEN KUBU RAYA,61,2024_1.2025,2025-09-20T05:37:07+00:00,61
kabupaten,6171,KOTA PONTIANAK,61.71,KOTA PONTIANAK,61,2024_1.2025,2025-09-20T05:37:07+00:00,61
kabupaten,6172,KOTA SINGKAWANG,61.72,KOTA SINGKAWANG,61,2024_1.2025,2025-09-20T05:37:07+00:00,61
kabupaten,6201,KAB. KOTAWARINGIN BARAT,62.01,KABUPATEN KOTAWARINGIN BARAT,62,2024_1.2025,2025-09-20T05:37:07+00:00,62
kabupaten,6202,KAB. KOTAWARINGIN TIMUR,62.02,KABUPATEN KOTAWARINGIN TIMUR,62,2024_1.2025,2025-09-20T05:37:07+00:00,62
kabupaten,6203,KAB. KAPUAS,62.03,KABUPATEN KAPUAS,62,2024_1.2025,2025-09-20T05:37:07+00:00,62
kabupaten,6204,KAB. BARITO SELATAN,62.04,KABUPATEN BARITO SELATAN,62,2024_1.2025,2025-09-20T05:37:07+00:00,62
kabupaten,6205,KAB. BARITO UTARA,62.05,KABUPATEN BARITO UTARA,62,2024_1.2025,2025-09-20T05:37:07+00:00,62
kabupaten,6206,KAB. SUKAMARA,62.08,KABUPATEN SUKAMARA,62,2024_1.2025,2025-09-20T05:37:07+00:00,62
kabupaten,6207,KAB. LAMANDAU,62.09,KABUPATEN LAMANDAU,62,2024_1.2025,2025-09-20T05:37:07+00:00,62
kabupaten,6208,KAB. SERUYAN,62.07,KABUPATEN SERUYAN,62,2024_1.2025,2025-09-20T05:37:07+00:00,62
kabupaten,6209,KAB. KATINGAN,62.06,KABUPATEN KATINGAN,62,2024_1.2025,2025-09-20T05:37:07+00:00,62
kabupaten,6210,KAB. PULANG PISAU,62.11,KABUPATEN PULANG PISAU,62,2024_1.2025,2025-09-20T05:37:07+00:00,62
kabupaten,6211,KAB. GUNUNG MAS,62.10,KABUPATEN GUNUNG MAS,62,2024_1.2025,2025-09-20T05:37:07+00:00,62
kabupaten,6212,KAB. BARITO TIMUR,62.13,KABUPATEN BARITO TIMUR,62,2024_1.2025,2025-09-20T05:37:07+00:00,62
kabupaten,6213,KAB. MURUNG RAYA,62.12,KABUPATEN MURUNG RAYA,62,2024_1.2025,2025-09-20T05:37:07+00:00,62
kabupaten,6271,KOTA PALANGKARAYA,62.71,KOTA PALANGKARAYA,62,2024_1.2025,2025-09-20T05:37:07+00:00,62
kabupaten,6301,KAB. TANAH LAUT,63.01,KABUPATEN TANAH LAUT,63,2024_1.2025,2025-09-20T05:37:07+00:00,63
kabupaten,6302,KAB. KOTABARU,63.02,KABUPATEN KOTABARU,63,2024_1.2025,2025-09-20T05:37:07+00:00,63
kabupaten,6303,KAB. BANJAR,63.03,KABUPATEN BANJAR,63,2024_1.2025,2025-09-20T05:37:07+00:00,63
kabupaten,6304,KAB. BARITO KUALA,63.04,KABUPATEN BARITO KUALA,63,2024_1.2025,2025-09-20T05:37:07+00:00,63
kabupaten,6305,KAB. TAPIN,63.05,KABUPATEN TAPIN,63,2024_1.2025,2025-09-20T05:37:07+00:00,63
kabupaten,6306,KAB. HULU SUNGAI SELATAN,63.06,KABUPATEN HULU SUNGAI SELATAN,63,2024_1.2025,2025-09-20T05:37:07+00:00,63
kabupaten,6307,KAB. HULU SUNGAI TENGAH,63.07,KABUPATEN HULU SUNGAI TENGAH,63,2024_1.2025,2025-09-20T05:37:07+00:00,63
kabupaten,6308,KAB. HULU SUNGAI UTARA,63.08,KABUPATEN HULU SUNGAI UTARA,63,2024_1.2025,2025-09-20T05:37:07+00:00,63
kabupaten,6309,KAB. TABALONG,63.09,KABUPATEN TABALONG,63,2024_1.2025,2025-09-20T05:37:07+00:00,63
kabupaten,6310,KAB. TANAH BUMBU,63.10,KABUPATEN TANAH BUMBU,63,2024_1.2025,2025-09-20T05:37:07+00:00,63
kabupaten,6311,KAB. BALANGAN,63.11,KABUPATEN BALANGAN,63,2024_1.2025,2025-09-20T05:37:07+00:00,63
kabupaten,6371,KOTA BANJARMASIN,63.71,KOTA BANJARMASIN,63,2024_1.2025,2025-09-20T05:37:07+00:00,63
kabupaten,6372,KOTA BANJARBARU,63.72,KOTA BANJARBARU,63,2024_1.2025,2025-09-20T05:37:07+00:00,63
kabupaten,6401,KAB. PASER,64.01,KABUPATEN PASER,64,2024_1.2025,2025-09-20T05:37:07+00:00,64
kabupaten,6402,KAB. KUTAI BARAT,64.07,KABUPATEN KUTAI BARAT,64,2024_1.2025,2025-09-20T05:37:07+00:00,64
kabupaten,6403,KAB. KUTAI KARTANEGARA,64.02,KABUPATEN KUTAI KARTANEGARA,64,2024_1.2025,2025-09-20T05:37:07+00:00,64
kabupaten,6404,KAB. KUTAI TIMUR,64.08,KABUPATEN KUTAI TIMUR,64,2024_1.2025,2025-09-20T05:37:07+00:00,64
kabupaten,6405,KAB. BERAU,64.03,KABUPATEN BERAU,64,2024_1.2025,2025-09-20T05:37:07+00:00,64
kabupaten,6409,KAB. PENAJAM PASER UTARA,64.09,KABUPATEN PENAJAM PASER UTARA,64,2024_1.2025,2025-09-20T05:37:07+00:00,64
kabupaten,6411,KAB. MAHAKAM ULU,64.11,KABUPATEN MAHAKAM ULU,64,2024_1.2025,2025-09-20T05:37:07+00:00,64
kabupaten,6471,KOTA BALIKPAPAN,64.71,KOTA BALIKPAPAN,64,2024_1.2025,2025-09-20T05:37:07+00:00,64
kabupaten,6472,KOTA SAMARINDA,64.72,KOTA SAMARINDA,64,2024_1.2025,2025-09-20T05:37:07+00:00,64
kabupaten,6474,KOTA BONTANG,64.74,KOTA BONTANG,64,2024_1.2025,2025-09-20T05:37:07+00:00,64
kabupaten,6501,KAB. MALINAU,65.02,KABUPATEN MALINAU,65,2024_1.2025,2025-09-20T05:37:07+00:00,65
kabupaten,6502,KAB. BULUNGAN,65.01,KABUPATEN BULUNGAN,65,2024_1.2025,2025-09-20T05:37:07+00:00,65
kabupaten,6503,KAB. TANA TIDUNG,65.04,KABUPATEN TANA TIDUNG,65,2024_1.2025,2025-09-20T05:37:07+00:00,65
kabupaten,6504,KAB. NUNUKAN,65.03,KABUPATEN NUNUKAN,65,2024_1.2025,2025-09-20T05:37:07+00:00,65
kabupaten,6571,KOTA TARAKAN,65.71,KOTA TARAKAN,65,2024_1.2025,2025-09-20T05:37:07+00:00,65
kabupaten,7101,KAB. BOLAANG MONGONDOW,71.01,KABUPATEN BOLAANG MONGONDOW,71,2024_1.2025,2025-09-20T05:37:07+00:00,71
kabupaten,7102,KAB. MINAHASA,71.02,KABUPATEN MINAHASA,71,2024_1.2025,2025-09-20T05:37:07+00:00,71
kabupaten,7103,KAB. KEPULAUAN SANGIHE,71.03,KABUPATEN KEPULAUAN SANGIHE,71,2024_1.2025,2025-09-20T05:37:07+00:00,71
kabupaten,7104,KAB. KEPULAUAN TALAUD,71.04,KABUPATEN KEPULAUAN TALAUD,71,2024_1.2025,2025-09-20T05:37:07+00:00,71
kabupaten,7105,KAB. MINAHASA SELATAN,71.05,KABUPATEN MINAHASA SELATAN,71,2024_1.2025,2025-09-20T05:37:07+00:00,71
kabupaten,7106,KAB. MINAHASA UTARA,71.06,KABUPATEN MINAHASA UTARA,71,2024_1.2025,2025-09-20T05:37:07+00:00,71
kabupaten,7107,KAB. BOLAANG MONGONDOW UTARA,71.08,KABUPATEN BOLAANG MONGONDOW UTARA,71,2024_1.2025,2025-09-20T05:37:07+00:00,71
kabupaten,7108,KAB. KEP. SIAU TAGULANDANG BIARO,71.09,KABUPATEN KEP. SIAU TAGULANDANG BIARO,71,2024_1.2025,2025-09-20T05:37:07+00:00,71
kabupaten,7109,KAB. MINAHASA TENGGARA,71.07,KABUPATEN MINAHASA TENGGARA,71,2024_1.2025,2025-09-20T05:37:07+00:00,71
kabupaten,7110,KAB. BOLAANG MONGONDOW SELATAN,71.11,KABUPATEN BOLAANG MONGONDOW SELATAN,71,2024_1.2025,2025-09-20T05:37:07+00:00,71
kabupaten,7111,KAB. BOLAANG MONGONDOW TIMUR,71.10,KABUPATEN BOLAANG MONGONDOW TIMUR,71,2024_1.2025,2025-09-20T05:37:07+00:00,71
kabupaten,7171,KOTA MANADO,71.71,KOTA MANADO,71,2024_1.2025,2025-09-20T05:37:07+00:00,71
kabupaten,7172,KOTA BITUNG,71.72,KOTA BITUNG,71,2024_1.2025,2025-09-20T05:37:07+00:00,71
kabupaten,7173,KOTA TOMOHON,71.73,KOTA TOMOHON,71,2024_1.2025,2025-09-20T05:37:07+00:00,71
kabupaten,7174,KOTA KOTAMOBAGU,71.74,KOTA KOTAMOBAGU,71,2024_1.2025,2025-09-20T05:37:07+00:00,71
kabupaten,7201,KAB. BANGGAI KEPULAUAN,72.07,KABUPATEN BANGGAI KEPULAUAN,72,2024_1.2025,2025-09-20T05:37:07+00:00,72
kabupaten,7202,KAB. BANGGAI,72.01,KABUPATEN BANGGAI,72,2024_1.2025,2025-09-20T05:37:07+00:00,72
kabupaten,7203,KAB. MOROWALI,72.06,KABUPATEN MOROWALI,72,2024_1.2025,2025-09-20T05:37:07+00:00,72
kabupaten,7204,KAB. POSO,72.02,KABUPATEN POSO,72,2024_1.2025,2025-09-20T05:37:07+00:00,72
kabupaten,7205,KAB. DONGGALA,72.03,KABUPATEN DONGGALA,72,2024_1.2025,2025-09-20T05:37:07+00:00,72
kabupaten,7206,KAB. TOLI TOLI,72.04,KABUPATEN TOLI-TOLI,72,2024_1.2025,2025-09-20T05:37:07+00:00,72
kabupaten,7207,KAB. BUOL,72.05,KABUPATEN BUOL,72,2024_1.2025,2025-09-20T05:37:07+00:00,72
kabupaten,7208,KAB. PARIGI MOUTONG,72.08,KABUPATEN PARIGI MOUTONG,72,2024_1.2025,2025-09-20T05:37:07+00:00,72
kabupaten,7209,KAB. TOJO UNA UNA,72.09,KABUPATEN TOJO UNA UNA,72,2024_1.2025,2025-09-20T05:37:07+00:00,72
kabupaten,7210,KAB. SIGI,72.10,KABUPATEN SIGI,72,2024_1.2025,2025-09-20T05:37:07+00:00,72
kabupaten,7211,KAB. BANGGAI LAUT,72.11,KABUPATEN BANGGAI LAUT,72,2024_1.2025,2025-09-20T05:37:07+00:00,72
kabupaten,7212,KAB. MOROWALI UTARA,72.12,KABUPATEN MOROWALI UTARA,72,2024_1.2025,2025-09-20T05:37:07+00:00,72
kabupaten,7271,KOTA PALU,72.71,KOTA PALU,72,2024_1.2025,2025-09-20T05:37:07+00:00,72
kabupaten,7301,KAB. KEPULAUAN SELAYAR,73.01,KABUPATEN KEPULAUAN SELAYAR,73,2024_1.2025,2025-09-20T05:37:07+00:00,73
kabupaten,7302,KAB. BULUKUMBA,73.02,KABUPATEN BULUKUMBA,73,2024_1.2025,2025-09-20T05:37:07+00:00,73
kabupaten,7303,KAB. BANTAENG,73.03,KABUPATEN BANTAENG,73,2024_1.2025,2025-09-20T05:37:07+00:00,73
kabupaten,7304,KAB. JENEPONTO,73.04,KABUPATEN JENEPONTO,73,2024_1.2025,2025-09-20T05:37:07+00:00,73
kabupaten,7305,KAB. TAKALAR,73.05,KABUPATEN TAKALAR,73,2024_1.2025,2025-09-20T05:37:07+00:00,73
kabupaten,7306,KAB. GOWA,73.06,KABUPATEN GOWA,73,2024_1.2025,2025-09-20T05:37:07+00:00,73
kabupaten,7307,KAB. SINJAI,73.07,KABUPATEN SINJAI,73,2024_1.2025,2025-09-20T05:37:07+00:00,73
kabupaten,7308,KAB. MAROS,73.09,KABUPATEN MAROS,73,2024_1.2025,2025-09-20T05:37:07+00:00,73
kabupaten,7309,KAB. PANGKAJENE DAN KEPULAUAN,73.10,KABUPATEN PANGKAJENE DAN KEPULAUAN,73,2024_1.2025,2025-09-20T05:37:07+00:00,73
kabupaten,7310,KAB. BARRU,73.11,KABUPATEN BARRU,73,2024_1.2025,2025-09-20T05:37:07+00:00,73
kabupaten,7311,KAB. BONE,73.08,KABUPATEN BONE,73,2024_1.2025,2025-09-20T05:37:07+00:00,73
kabupaten,7312,KAB. SOPPENG,73.12,KABUPATEN SOPPENG,73,2024_1.2025,2025-09-20T05:37:07+00:00,73
kabupaten,7313,KAB. WAJO,73.13,KABUPATEN WAJO,73,2024_1.2025,2025-09-20T05:37:07+00:00,73
kabupaten,7314,KAB. SIDENRENG RAPPANG,73.14,KABUPATEN SIDENRENG RAPPANG,73,2024_1.2025,2025-09-20T05:37:07+00:00,73
kabupaten,7315,KAB. PINRANG,73.15,KABUPATEN PINRANG,73,2024_1.2025,2025-09-20T05:37:07+00:00,73
kabupaten,7316,KAB. ENREKANG,73.16,KABUPATEN ENREKANG,73,2024_1.2025,2025-09-20T05:37:07+00:00,73
kabupaten,7317,KAB. LUWU,73.17,KABUPATEN LUWU,73,2024_1.2025,2025-09-20T05:37:07+00:00,73
kabupaten,7318,KAB. TANA TORAJA,73.18,KABUPATEN TANA TORAJA,73,2024_1.2025,2025-09-20T05:37:07+00:00,73
kabupaten,7322,KAB. LUWU UTARA,73.22,KABUPATEN LUWU UTARA,73,2024_1.2025,2025-09-20T05:37:07+00:00,73
kabupaten,7325,KAB. LUWU TIMUR,73.24,KABUPATEN LUWU TIMUR,73,2024_1.2025,2025-09-20T05:37:07+00:00,73
kabupaten,7326,KAB. TORAJA UTARA,73.26,KABUPATEN TORAJA UTARA,73,2024_1.2025,2025-09-20T05:37:07+00:00,73
kabupaten,7371,KOTA MAKASSAR,73.71,KOTA MAKASSAR,73,2024_1.2025,2025-09-20T05:37:07+00:00,73
kabupaten,7372,KOTA PAREPARE,73.72,KOTA PAREPARE,73,2024_1.2025,2025-09-20T05:37:07+00:00,73
kabupaten,7373,KOTA PALOPO,73.73,KOTA PALOPO,73,2024_1.2025,2025-09-20T05:37:07+00:00,73
kabupaten,7401,KAB. BUTON,74.04,KABUPATEN BUTON,74,2024_1.2025,2025-09-20T05:37:07+00:00,74
kabupaten,7402,KAB. MUNA,74.03,KABUPATEN MUNA,74,2024_1.2025,2025-09-20T05:37:07+00:00,74
kabupaten,7403,KAB. KONAWE,74.02,KABUPATEN KONAWE,74,2024_1.2025,2025-09-20T05:37:07+00:00,74
kabupaten,7404,KAB. KOLAKA,74.01,KABUPATEN KOLAKA,74,2024_1.2025,2025-09-20T05:37:07+00:00,74
kabupaten,7405,KAB. KONAWE SELATAN,74.05,KABUPATEN KONAWE SELATAN,74,2024_1.2025,2025-09-20T05:37:07+00:00,74
kabupaten,7406,KAB. BOMBANA,74.06,KABUPATEN BOMBANA,74,2024_1.2025,2025-09-20T05:37:07+00:00,74
kabupaten,7407,KAB. WAKATOBI,74.07,KABUPATEN WAKATOBI,74,2024_1.2025,2025-09-20T05:37:07+00:00,74
kabupaten,7408,KAB. KOLAKA UTARA,74.08,KABUPATEN KOLAKA UTARA,74,2024_1.2025,2025-09-20T05:37:07+00:00,74
kabupaten,7409,KAB. BUTON UTARA,74.10,KABUPATEN BUTON UTARA,74,2024_1.2025,2025-09-20T05:37:07+00:00,74
kabupaten,7410,KAB. KONAWE UTARA,74.09,KABUPATEN KONAWE UTARA,74,2024_1.2025,2025-09-20T05:37:07+00:00,74
kabupaten,7411,KAB. KOLAKA TIMUR,74.11,KABUPATEN KOLAKA TIMUR,74,2024_1.2025,2025-09-20T05:37:07+00:00,74
kabupaten,7412,KAB. KONAWE KEPULAUAN,74.12,KABUPATEN KONAWE KEPULAUAN,74,2024_1.2025,2025-09-20T05:37:07+00:00,74
kabupaten,7413,KAB. MUNA BARAT,74.13,KABUPATEN MUNA BARAT,74,2024_1.2025,2025-09-20T05:37:07+00:00,74
kabupaten,7414,KAB. BUTON TENGAH,74.14,KABUPATEN BUTON TENGAH,74,2024_1.2025,2025-09-20T05:37:07+00:00,74
kabupaten,7415,KAB. BUTON SELATAN,74.15,KABUPATEN BUTON SELATAN,74,2024_1.2025,2025-09-20T05:37:07+00:00,74
kabupaten,7471,KOTA KENDARI,74.71,KOTA KENDARI,74,2024_1.2025,2025-09-20T05:37:07+00:00,74
kabupaten,7472,KOTA BAU BAU,74.72,KOTA BAU BAU,74,2024_1.2025,2025-09-20T05:37:07+00:00,74
kabupaten,7501,KAB. BOALEMO,75.02,KABUPATEN BOALEMO,75,2024_1.2025,2025-09-20T05:37:07+00:00,75
kabupaten,7502,KAB. GORONTALO,75.01,KABUPATEN GORONTALO,75,2024_1.2025,2025-09-20T05:37:07+00:00,75
kabupaten,7503,KAB. POHUWATO,75.04,KABUPATEN POHUWATO,75,2024_1.2025,2025-09-20T05:37:07+00:00,75
kabupaten,7504,KAB. BONE BOLANGO,75.03,KABUPATEN BONE BOLANGO,75,2024_1.2025,2025-09-20T05:37:07+00:00,75
kabupaten,7505,KAB. GORONTALO UTARA,75.05,KABUPATEN GORONTALO UTARA,75,2024_1.2025,2025-09-20T05:37:07+00:00,75
kabupaten,7571,KOTA GORONTALO,75.71,KOTA GORONTALO,75,2024_1.2025,2025-09-20T05:37:07+00:00,75
kabupaten,7601,KAB. MAJENE,76.05,KABUPATEN MAJENE,76,2024_1.2025,2025-09-20T05:37:07+00:00,76
kabupaten,7602,KAB. POLEWALI MANDAR,76.04,KABUPATEN POLEWALI MANDAR,76,2024_1.2025,2025-09-20T05:37:07+00:00,76
kabupaten,7603,KAB. MAMASA,76.03,KABUPATEN MAMASA,76,2024_1.2025,2025-09-20T05:37:07+00:00,76
kabupaten,7604,KAB. MAMUJU,76.02,KABUPATEN MAMUJU,76,2024_1.2025,2025-09-20T05:37:07+00:00,76
kabupaten,7605,KAB. PASANGKAYU,76.01,KABUPATEN PASANGKAYU,76,2024_1.2025,2025-09-20T05:37:07+00:00,76
kabupaten,7606,KAB. MAMUJU TENGAH,76.06,KABUPATEN MAMUJU TENGAH,76,2024_1.2025,2025-09-20T05:37:07+00:00,76
kabupaten,8101,KAB. KEPULAUAN TANIMBAR,81.03,KABUPATEN KEPULAUAN TANIMBAR,81,2024_1.2025,2025-09-20T05:37:07+00:00,81
kabupaten,8102,KAB. MALUKU TENGGARA,81.02,KABUPATEN MALUKU TENGGARA,81,2024_1.2025,2025-09-20T05:37:07+00:00,81
kabupaten,8103,KAB. MALUKU TENGAH,81.01,KABUPATEN MALUKU TENGAH,81,2024_1.2025,2025-09-20T05:37:07+00:00,81
kabupaten,8104,KAB. BURU,81.04,KABUPATEN BURU,81,2024_1.2025,2025-09-20T05:37:07+00:00,81
kabupaten,8105,KAB. KEPULAUAN ARU,81.07,KABUPATEN KEPULAUAN ARU,81,2024_1.2025,2025-09-20T05:37:07+00:00,81
kabupaten,8106,KAB. SERAM BAGIAN BARAT,81.06,KABUPATEN SERAM BAGIAN BARAT,81,2024_1.2025,2025-09-20T05:37:07+00:00,81
kabupaten,8107,KAB. SERAM BAGIAN TIMUR,81.05,KABUPATEN SERAM BAGIAN TIMUR,81,2024_1.2025,2025-09-20T05:37:07+00:00,81
kabupaten,8108,KAB. MALUKU BARAT DAYA,81.08,KABUPATEN MALUKU BARAT DAYA,81,2024_1.2025,2025-09-20T05:37:07+00:00,81
kabupaten,8109,KAB. BURU SELATAN,81.09,KABUPATEN BURU SELATAN,81,2024_1.2025,2025-09-20T05:37:07+00:00,81
kabupaten,8171,KOTA AMBON,81.71,KOTA AMBON,81,2024_1.2025,2025-09-20T05:37:07+00:00,81
kabupaten,8172,KOTA TUAL,81.72,KOTA TUAL,81,2024_1.2025,2025-09-20T05:37:07+00:00,81
kabupaten,8201,KAB. HALMAHERA BARAT,82.01,KABUPATEN HALMAHERA BARAT,82,2024_1.2025,2025-09-20T05:37:07+00:00,82
kabupaten,8202,KAB. HALMAHERA TENGAH,82.02,KABUPATEN HALMAHERA TENGAH,82,2024_1.2025,2025-09-20T05:37:07+00:00,82
kabupaten,8203,KAB. KEPULAUAN SULA,82.05,KABUPATEN KEPULAUAN SULA,82,2024_1.2025,2025-09-20T05:37:07+00:00,82
kabupaten,8204,KAB. HALMAHERA SELATAN,82.04,KABUPATEN HALMAHERA SELATAN,82,2024_1.2025,2025-09-20T05:37:07+00:00,82
kabupaten,8205,KAB. HALMAHERA UTARA,82.03,KABUPATEN HALMAHERA UTARA,82,2024_1.2025,2025-09-20T05:37:07+00:00,82
kabupaten,8206,KAB. HALMAHERA TIMUR,82.06,KABUPATEN HALMAHERA TIMUR,82,2024_1.2025,2025-09-20T05:37:07+00:00,82
kabupaten,8207,KAB. PULAU MOROTAI,82.07,KABUPATEN PULAU MOROTAI,82,2024_1.2025,2025-09-20T05:37:07+00:00,82
kabupaten,8208,KAB. PULAU TALIABU,82.08,KABUPATEN PULAU TALIABU,82,2024_1.2025,2025-09-20T05:37:07+00:00,82
kabupaten,8271,KOTA TERNATE,82.71,KOTA TERNATE,82,2024_1.2025,2025-09-20T05:37:07+00:00,82
kabupaten,8272,KOTA TIDORE KEPULAUAN,82.72,KOTA TIDORE KEPULAUAN,82,2024_1.2025,2025-09-20T05:37:07+00:00,82
kabupaten,9101,KAB. FAK FAK,92.03,KABUPATEN FAK FAK,91,2024_1.2025,2025-09-20T05:37:07+00:00,91
kabupaten,9102,KAB. KAIMANA,92.08,KABUPATEN KAIMANA,91,2024_1.2025,2025-09-20T05:37:07+00:00,91
kabupaten,9103,KAB. TELUK WONDAMA,92.07,KABUPATEN TELUK WONDAMA,91,2024_1.2025,2025-09-20T05:37:07+00:00,91
kabupaten,9104,KAB. TELUK BINTUNI,92.06,KABUPATEN TELUK BINTUNI,91,2024_1.2025,2025-09-20T05:37:07+00:00,91
kabupaten,9105,KAB. MANOKWARI,92.02,KABUPATEN MANOKWARI,91,2024_1.2025,2025-09-20T05:37:07+00:00,91
kabupaten,9111,KAB. MANOKWARI SELATAN,92.11,KABUPATEN MANOKWARI SELATAN,91,2024_1.2025,2025-09-20T05:37:07+00:00,91
kabupaten,9112,KAB. PEGUNUNGAN ARFAK,92.12,KABUPATEN PEGUNUNGAN ARFAK,91,2024_1.2025,2025-09-20T05:37:07+00:00,91
kabupaten,9201,KAB. RAJA AMPAT,96.03,KABUPATEN RAJA AMPAT,92,2024_1.2025,2025-09-20T05:37:07+00:00,92
kabupaten,9202,KAB. SORONG,96.01,KABUPATEN SORONG,92,2024_1.2025,2025-09-20T05:37:07+00:00,92
kabupaten,9203,KAB. SORONG SELATAN,96.02,KABUPATEN SORONG SELATAN,92,2024_1.2025,2025-09-20T05:37:07+00:00,92
kabupaten,9204,KAB. MAYBRAT,96.05,KABUPATEN MAYBRAT,92,2024_1.2025,2025-09-20T05:37:07+00:00,92
kabupaten,9205,KAB. TAMBRAUW,96.04,KABUPATEN TAMBRAUW,92,2024_1.2025,2025-09-20T05:37:07+00:00,92
kabupaten,9271,KOTA SORONG,96.71,KOTA SORONG,92,2024_1.2025,2025-09-20T05:37:07+00:00,92
kabupaten,9403,KAB. JAYAPURA,91.03,KABUPATEN JAYAPURA,94,2024_1.2025,2025-09-20T05:37:07+00:00,94
kabupaten,9408,KAB. KEPULAUAN YAPEN,91.05,KABUPATEN KEPULAUAN YAPEN,94,2024_1.2025,2025-09-20T05:37:07+00:00,94
kabupaten,9409,KAB. BIAK NUMFOR,91.06,KABUPATEN BIAK NUMFOR,94,2024_1.2025,2025-09-20T05:37:07+00:00,94
kabupaten,9419,KAB. SARMI,91.10,KABUPATEN SARMI,94,2024_1.2025,2025-09-20T05:37:07+00:00,94
kabupaten,9420,KAB. KEEROM,91.11,KABUPATEN KEEROM,94,2024_1.2025,2025-09-20T05:37:07+00:00,94
kabupaten,9426,KAB. WAROPEN,91.15,KABUPATEN WAROPEN,94,2024_1.2025,2025-09-20T05:37:07+00:00,94
kabupaten,9427,KAB. SUPIORI,91.19,KABUPATEN SUPIORI,94,2024_1.2025,2025-09-20T05:37:07+00:00,94
kabupaten,9428,KAB. MAMBERAMO RAYA,91.20,KABUPATEN MAMBERAMO RAYA,94,2024_1.2025,2025-09-20T05:37:07+00:00,94
kabupaten,9471,KOTA JAYAPURA,91.71,KOTA JAYAPURA,94,2024_1.2025,2025-09-20T05:37:07+00:00,94
kabupaten,9501,KAB. MERAUKE,93.01,KABUPATEN MERAUKE,95,2024_1.2025,2025-09-20T05:37:07+00:00,95
kabupaten,9502,KAB. BOVEN DIGOEL,93.02,KABUPATEN BOVEN DIGOEL,95,2024_1.2025,2025-09-20T05:37:07+00:00,95
kabupaten,9503,KAB. MAPPI,93.03,KABUPATEN MAPPI,95,2024_1.2025,2025-09-20T05:37:07+00:00,95
kabupaten,9504,KAB. ASMAT,93.04,KABUPATEN ASMAT,95,2024_1.2025,2025-09-20T05:37:07+00:00,95
kabupaten,9601,KAB. MIMIKA,94.04,KABUPATEN MIMIKA,96,2024_1.2025,2025-09-20T05:37:07+00:00,96
kabupaten,9602,KAB. DOGIYAI,94.06,KABUPATEN DOGIYAI,96,2024_1.2025,2025-09-20T05:37:07+00:00,96
kabupaten,9603,KAB. DEIYAI,94.08,KABUPATEN DEIYAI,96,2024_1.2025,2025-09-20T05:37:07+00:00,96
kabupaten,9604,KAB. NABIRE,94.01,KABUPATEN NABIRE,96,2024_1.2025,2025-09-20T05:37:07+00:00,96
kabupaten,9605,KAB. PANIAI,94.03,KABUPATEN PANIAI,96,2024_1.2025,2025-09-20T05:37:07+00:00,96
kabupaten,9606,KAB. INTAN JAYA,94.07,KABUPATEN INTAN JAYA,96,2024_1.2025,2025-09-20T05:37:07+00:00,96
kabupaten,9607,KAB. PUNCAK,94.05,KABUPATEN PUNCAK,96,2024_1.2025,2025-09-20T05:37:07+00:00,96
kabupaten,9608,KAB. PUNCAK JAYA,94.02,KABUPATEN PUNCAK JAYA,96,2024_1.2025,2025-09-20T05:37:07+00:00,96
kabupaten,9701,KAB. NDUGA,95.08,KABUPATEN NDUGA,97,2024_1.2025,2025-09-20T05:37:07+00:00,97
kabupaten,9702,KAB. JAYAWIJAYA,95.01,KABUPATEN JAYAWIJAYA,97,2024_1.2025,2025-09-20T05:37:07+00:00,97
kabupaten,9703,KAB. LANNY JAYA,95.07,KABUPATEN LANNY JAYA,97,2024_1.2025,2025-09-20T05:37:07+00:00,97
kabupaten,9704,KAB. TOLIKARA,95.04,KABUPATEN TOLIKARA,97,2024_1.2025,2025-09-20T05:37:07+00:00,97
kabupaten,9705,KAB. MAMBERAMO TENGAH,95.05,KABUPATEN MAMBERAMO TENGAH,97,2024_1.2025,2025-09-20T05:37:07+00:00,97
kabupaten,9706,KAB. YALIMO,95.06,KABUPATEN YALIMO,97,2024_1.2025,2025-09-20T05:37:07+00:00,97
kabupaten,9707,KAB. YAHUKIMO,95.03,KABUPATEN YAHUKIMO,97,2024_1.2025,2025-09-20T05:37:07+00:00,97
kabupaten,9708,KAB. PEGUNUNGAN BINTANG,95.02,KAB PEGUNUNGAN BINTANG,97,2024_1.2025,2025-09-20T05:37:07+00:00,97
